HR,HRV,HRnorm,durAOI1,durAOI2,durAOI3,durAOI4,durAOI5,mission,mode,nav,nbAOI1,nbAOI2,nbAOI3,nbAOI4,nbAOI5,space,subject,tank,tank_local_score,trees,nbt_trees_mode,label
73.3055456306794,-0.06943605862868,6.92180799506334,4.93233333333333,2129.40636666667,2678.16856666667,1783.76576666667,975.935566666667,1,0,23.7333333333333,0.033333333333333,7.93333333333333,13.3333333333333,7.4,5.16666666666667,0.533333333333333,19,2.23333333333333,-3.08964333333333,0.466666666666667,14,1
72.9564453496935,-0.063482571180612,6.57270771407745,0,6571.81148275862,566.278,518.711793103448,577.381034482759,1,1,4.03448275862069,0,20.7931034482759,2.51724137931034,2.17241379310345,2.96551724137931,0.206896551724138,19,6.20689655172414,3.80290896551724,0.379310344827586,11,1
71.5762254430983,-0.091707501611895,8.06736066405623,12.1412857142857,1797.23721428571,3547.15371428571,1615.46,1010.01553571429,2,0,25.3214285714286,0.107142857142857,6.60714285714286,16.3214285714286,6.25,5.39285714285714,0.5,19,1.85714285714286,-6.68084964285714,0.428571428571429,12,1
72.1688413912507,-0.090275700335505,8.65997661220863,4.74111111111111,6226.13537037037,668.982037037037,312.901555555555,696.532074074074,2,1,2.44444444444444,0.037037037037037,20.7037037037037,2.92592592592593,1.25925925925926,3.62962962962963,0.222222222222222,19,7.11111111111111,4.71864111111111,0.481481481481482,13,1
73.8850359505541,-0.096448470587508,10.2411721955661,0,1606.56428,3391.44092,1552.98752,908.53108,3,0,27.92,0,6.08,17.44,6.8,5.2,0.72,19,1.2,-8.3628468,0.72,18,1
69.3184411974216,-0.09110613740899,5.67457744243361,0,6547.95097058824,463.008029411765,394.808558823529,864.602764705882,3,1,2.02941176470588,0,19.5882352941177,2.23529411764706,1.5,4.02941176470588,0.029411764705882,19,7.29411764705882,6.80132117647059,0.558823529411765,19,1
71.5327667117722,-0.130203369461065,11.8282534553464,0,1657.22815384615,3741.51276923077,1816.39653846154,735.033769230769,4,0,27.7692307692308,0,5.53846153846154,14.6538461538462,7,3.96153846153846,0.538461538461538,19,2.03846153846154,-5.78412692307692,0.538461538461538,14,1
72.7776169525595,-0.145399832159417,13.0731036961338,2.54542424242424,6090.06072727273,564.287272727273,359.247484848485,838.449393939394,4,1,3.06060606060606,0.03030303030303,18.6060606060606,3,1.60606060606061,4.48484848484848,0.03030303030303,19,8.12121212121212,5.6176903030303,0.515151515151515,17,1
82.2951936705353,-0.011808294712242,2.28585924818601,9.05210526315789,3411.25421052632,2662.63915789474,2024.70747368421,651.056894736842,1,0,21.4736842105263,0.052631578947369,10.3157894736842,10.0526315789474,8.73684210526316,3.52631578947368,0.631578947368421,20,4.21052631578947,-3.20174263157895,0.473684210526316,9,0
82.8338529769228,-0.015138124621979,2.82451855457356,51.8004,5984.9617,1160.0864,989.26675,761.0488,1,1,3.9,0.3,18.3,4.85,4.05,3.4,0.25,20,9.6,2.360983,0.4,8,0
82.4485892694672,-0.011102920657382,2.3016532200433,52.8787777777778,3048.44692592593,2957.60481481481,1981.32133333333,757.186222222222,2,0,21.2962962962963,0.407407407407407,10.2222222222222,11.3703703703704,7.14814814814815,3.55555555555556,0.777777777777778,20,3.51851851851852,-2.03197777777778,0.518518518518518,14,1
83.8310816358541,-0.016443817718404,3.68414558643019,76.7399375,4791.57675,1492.66740625,1511.6148125,839.3593125,2,1,5,0.5,16.25,6.28125,7.125,3.46875,0.09375,20,5.9375,0.778543750000001,0.40625,13,1
84.5169333662703,-0.027625917076115,8.90574291008276,93.9474,3010.15356666667,3175.27536666667,1787.02616666667,694.546766666667,3,0,23.1,0.5,10.4,12.1,7.03333333333333,3.7,0.633333333333333,20,3.93333333333333,-3.21079,0.533333333333333,16,1
82.1538170779204,-0.027678121586263,6.54262662173293,88.1207,6335.21463333333,868.233366666667,1240.6079,596.792133333333,3,1,2.73333333333333,0.433333333333333,20.1,3.7,5.1,2.9,0.133333333333333,20,7.13333333333333,1.87488333333333,0.4,12,1
83.2051054057113,-0.035099655683742,5.18690115805355,110.551178571429,3353.64642857143,2842.99071428571,1360.10771428571,852.743214285714,4,0,22.1428571428571,0.678571428571429,13.0357142857143,11.6428571428571,5.67857142857143,3.57142857142857,0.607142857142857,20,4.67857142857143,-2.71004928571429,0.5,14,1
82.1011519125992,-0.032893374723288,4.08294766494142,44.1258064516129,5744.78290322581,1170.43970967742,1099.10993548387,714.950064516129,4,1,3.19354838709677,0.258064516129032,19.9032258064516,4.7741935483871,4.96774193548387,3.32258064516129,0,20,6.29032258064516,4.54639548387097,0.387096774193548,12,1
90.2440956213874,-0.014257301852048,10.1787088888892,30.0107142857143,2820.90442857143,3162.72103571429,1662.58492857143,236.400392857143,1,0,17.8928571428571,0.178571428571429,8.53571428571429,9.78571428571429,6.64285714285714,1.35714285714286,0.392857142857143,21,5.96428571428571,-5.612775,0.321428571428571,9,0
92.7982797064661,-0.013559922257028,12.7328929739678,80.3966666666667,6715.76533333333,396.293,474.747433333333,200.124666666667,1,1,1.66666666666667,0.366666666666667,16.1,1.2,2.3,1.16666666666667,0.033333333333333,21,12.4666666666667,4.632795,0.333333333333333,10,0
82.0175744589597,-0.036380187190946,1.26924010104188,0,3330.5528,3246.779,1100.185,259.5994,2,0,15.4,0,7.7,10.5,4.8,1.4,0.3,21,6.2,-0.47794,0.3,3,0
84.0585797701537,-0.035501546682809,3.31024541223586,15.6,5960.4459,702.6308,366.734,152.365,2,1,4,0.1,15.4,2.8,1.8,1.1,0.1,21,11,3.0025,0.4,4,0
79.5482576084302,-0.009554218910765,1.33447326455697,19.6641666666667,4144.66747222222,3280.02930555556,852.883472222222,205.437083333333,3,0,15.4444444444444,0.111111111111111,9.72222222222222,9.16666666666667,3.69444444444444,1.19444444444444,0.5,21,7.72222222222222,-3.13633305555556,0.361111111111111,13,0
81.3079503888573,-0.001401465533187,3.09416604498402,58.7812173913044,6048.3997826087,949.956217391305,498.706130434783,171.580956521739,3,1,5.34782608695652,0.347826086956522,14.5652173913043,3.56521739130435,2.56521739130435,1,0.043478260869565,21,11.8260869565217,2.88488173913044,0.347826086956522,8,0
78.5114132340756,-0.019856705471627,1.17888335559813,0,4235.32992307692,2740.55138461538,998.007461538461,93.8081538461538,4,0,14.3076923076923,0,10.1538461538462,7.92307692307692,5.15384615384615,0.538461538461538,0.538461538461538,21,8.30769230769231,-6.34000769230769,0.384615384615385,5,0
80.316409334219,-0.017922764594021,2.98387945574151,0,4893.28766666667,1515.8215,1003.171,139.24,4,1,10.3333333333333,0,11,5.66666666666667,4.33333333333333,1,0,21,10,0.838666666666669,0.166666666666667,1,0
90.2248071288718,-0.037750070239445,6.79793965697386,57.4519,3193.2682,3186.93693333333,1331.87493333333,793.1629,1,0,21.0333333333333,0.333333333333333,11.1333333333333,10.9666666666667,6.63333333333333,3.8,0.566666666666667,23,4.9,-3.226457,0.5,15,1
91.7236693230372,-0.040359318270443,8.29680185113926,72.8193103448276,4977.50096551724,1080.40175862069,620.737344827586,700.474517241379,1,1,3.31034482758621,0.344827586206897,18.4137931034483,4.13793103448276,3.06896551724138,3.55172413793103,0.068965517241379,23,10.1034482758621,1.90914517241379,0.344827586206897,10,1
89.4233250786011,-0.059932111715398,5.46110807625214,74.1662121212121,2821.56457575758,3625.00757575758,1172.96851515152,623.708515151515,2,0,23.3939393939394,0.424242424242424,12.4242424242424,13.0909090909091,6.27272727272727,3.63636363636364,0.606060606060606,23,5.48484848484848,-7.73542151515152,0.606060606060606,20,1
90.4268143383316,-0.058498043215816,6.46459733598267,60.5844444444444,5851.03548148148,595.955740740741,624.982666666667,396.597111111111,2,1,2.92592592592593,0.296296296296296,22.8888888888889,2.85185185185185,3.7037037037037,2.48148148148148,0.074074074074074,23,14.8148148148148,7.03223740740741,0.222222222222222,6,1
89.3323997625653,-0.048267190518732,4.90321808905832,179.506676470588,2460.52458823529,3285.51232352941,1864.50623529412,713.170235294118,3,0,25.3823529411765,0.941176470588235,9.02941176470588,12.5588235294118,9.08823529411765,3.79411764705882,0.617647058823529,23,4.52941176470588,-5.61629176470588,0.588235294117647,20,1
88.9978116442666,-0.047967222237205,4.56862997075962,91.99692,6608.82024,414.85172,409.78884,403.94068,3,1,2.72,0.56,21.92,1.72,2.36,2.48,0,23,15.6,6.4768192,0.52,13,1
87.5779655639538,-0.032278233802653,4.30521425868648,193.279714285714,2597.01003571428,3206.99253571428,1616.47464285714,901.488464285714,4,0,23.5357142857143,0.857142857142857,9.60714285714286,12.0357142857143,8.10714285714286,4.42857142857143,0.642857142857143,23,6.21428571428571,-4.93622142857143,0.607142857142857,17,1
88.9362880561627,-0.043991657932652,5.66353675089536,116.7084375,5450.6025,806.63853125,652.90475,623.87046875,4,1,2.90625,0.625,19.4375,3.46875,3.8125,3.5,0,23,14.28125,3.87603125,0.34375,11,1
69.1218579625291,-0.054822128302688,4.53307322535579,0,5887.53868,1963.41872,680.75164,557.93756,1,0,8.52,0,16.84,6.36,2.64,2.64,0.36,26,8.36,1.7153384,0.16,4,0
68.8588063467018,-0.053021397279441,4.27002160952841,80.558,7609.93914285714,638.874828571429,459.3262,317.335371428571,1,1,3.6,0.342857142857143,20.1428571428571,2.77142857142857,1.62857142857143,1.45714285714286,0.171428571428571,26,9.54285714285714,-0.807955428571428,0.285714285714286,10,0
67.2492250043579,-0.01115321519307,0.588169537646362,32.3476470588235,5402.56844117647,1767.41291176471,792.2915,450.748352941177,2,0,11.0882352941176,0.058823529411765,15.1470588235294,6.17647058823529,3,2.08823529411765,0.352941176470588,26,6.61764705882353,-0.55859705882353,0.147058823529412,5,0
67.6990670454777,-0.014342625095338,1.03801157876611,18.5528,6916.9026,806.92616,410.34752,480.89756,2,1,3.72,0.08,19.12,3.84,1.76,2.4,0.04,26,9.32,0.874728000000002,0.4,10,0
65.2318703528918,-0.030649632081095,-1.89118858850078,13.7071428571429,5765.74434285714,1529.74045714286,624.687028571429,427.934114285714,3,0,11.0285714285714,0.085714285714286,18.5142857142857,7.08571428571429,3.57142857142857,2.34285714285714,0.342857142857143,26,7.82857142857143,-2.73833571428572,0.114285714285714,4,0
66.5431658685571,-0.032084983018767,-0.579893072835446,72.8166666666667,7060.89066666667,704.318458333334,78.3086666666667,277.307833333333,3,1,2.29166666666667,0.416666666666667,24.25,3.16666666666667,0.583333333333333,1.45833333333333,0.166666666666667,26,7.66666666666667,4.42493125,0.625,15,0
65.9002255002649,-0.02101856126241,-4.18387542084048,66.2783571428572,5542.24442857143,1798.38207142857,742.29825,407.94525,4,0,11.4285714285714,0.392857142857143,16.4285714285714,6.10714285714286,2.75,2.14285714285714,0.607142857142857,26,6.92857142857143,-6.44860714285714,0.214285714285714,6,0
66.0635886630125,-0.023636338240677,-4.02051225809288,69.367,7760.2108125,548.6016875,223.84271875,306.3463125,4,1,2.25,0.5,19.9375,2.625,1.09375,1.5,0.125,26,10.03125,4.4306621875,0.4375,14,0
72.3162269057477,-0.012798486163144,-0.728817538326165,169.213827586207,1960.37337931035,5042.69772413793,1013.55175862069,813.17075862069,1,0,27,0.827586206896552,6.3448275862069,17.1379310344828,4.51724137931035,3.48275862068966,0.655172413793103,28,5.6551724137931,-4.7495275862069,0.551724137931034,16,1
72.4501396449923,-0.012701601710149,-0.594904799081595,428.892,5994.30393333333,1584.9201,559.0261,703.948433333333,1,1,2.6,1.66666666666667,16.0666666666667,5.83333333333333,2.66666666666667,2.93333333333333,0.133333333333333,28,16.9,6.89073233333333,0.533333333333333,16,1
70.2764273558202,-0.053644405409776,-1.15094643066896,91.128,2572.7724,4461.9337,1180.317,637.3492,2,0,24.2,0.4,7.8,15.4,3.5,3.2,0.6,28,6.35,-5.75882,0.55,11,0
70.0325282597198,-0.055481207378775,-1.39484552676934,136.016666666667,5677.01638095238,1889.02790476191,754.400952380952,730.015666666667,2,1,5.90476190476191,0.476190476190476,13,6.28571428571429,2.80952380952381,3.61904761904762,0,28,14.1904761904762,4.84901380952381,0.476190476190476,10,0
72.2746721838376,-0.069668642972078,1.36567206732047,295.080074074074,2645.23437037037,2820.01022222222,1073.91511111111,704.545666666667,3,0,20.2962962962963,1.40740740740741,7.44444444444444,10.962962962963,3.81481481481481,3.14814814814815,0.703703703703704,28,7.62962962962963,-3.81218407407407,0.518518518518518,14,1
72.2111277007316,-0.05998272842348,1.30212758421451,454.23065625,5372.2968125,1156.44253125,376.224875,389.7190625,3,1,2.15625,1.71875,13.78125,4.53125,1.34375,1.96875,0,28,16.65625,2.9211946875,0.25,8,1
69.9043653678752,-0.064154806663375,-1.76238424641831,231.979148148148,1927.0867037037,3711.80188888889,862.305481481482,606.144851851852,4,0,24.8148148148148,0.888888888888889,6.96296296296296,15.6666666666667,3.37037037037037,2.77777777777778,0.62962962962963,28,3.81481481481481,-9.38387666666667,0.555555555555556,15,1
73.1226030375792,-0.065865473228632,1.45585342328565,383.967454545454,4425.55606060606,1319.54936363636,597.769212121212,581.555484848485,4,1,2.09090909090909,1.57575757575758,13.8787878787879,6.33333333333333,2.06060606060606,2.60606060606061,0,28,13.030303030303,7.39299878787879,0.454545454545455,15,1
83.8563493822633,-0.020678375941121,12.5676300690447,0,2647.3327,2443.7097,2360.2291,587.529,1,0,11,0,8.5,7.7,10.1,3,0.4,29,4.8,2.1493,0.2,2,0
85.0628878045608,-0.016446735959346,13.7741684913423,81.7781111111111,3959.56255555556,1437.61444444444,1604.331,644.774333333333,1,1,7.77777777777778,0.444444444444444,12.4444444444444,5,5,3.44444444444444,0.555555555555556,29,7.44444444444444,-2.54588888888889,0.222222222222222,2,0
88.8964888238214,-0.01663933743432,17.8005092513986,30.7373684210526,4576.82673684211,1327.64668421053,1323.27457894737,410.076894736842,2,0,6.68421052631579,0.157894736842105,14.4736842105263,4.8421052631579,5.8421052631579,2.05263157894737,0.421052631578947,29,9.8421052631579,0.389663157894737,0.157894736842105,3,0
87.4908128872255,-0.015623689301189,16.3948333148027,93.9038095238095,6043.12147619048,787.166047619048,532.722380952381,482.588142857143,2,1,2.38095238095238,0.523809523809524,18.1904761904762,1.76190476190476,2.23809523809524,2.57142857142857,0.238095238095238,29,11.2380952380952,-2.78002380952381,0.285714285714286,6,0
79.304429155515,-0.041605455075156,5.18212735754838,0,4149.65881818182,2331.76690909091,812.334181818182,671.553636363636,3,0,4.27272727272727,0,12.6363636363636,6.72727272727273,3.81818181818182,3.54545454545455,0.363636363636364,29,6.18181818181818,0.188363636363636,0.181818181818182,2,0
76.6503663250475,-0.035633017067461,2.52806452708086,0,4743.94057142857,1033.04085714286,1950.07285714286,193.131428571429,3,1,8.14285714285714,0,14.4285714285714,5.14285714285714,7.57142857142857,1,0.285714285714286,29,9,-2.26328571428571,0.285714285714286,2,0
82.2042939606258,-0.019427549861713,12.360278927533,0,3058.21477777778,1309.188,2050.49466666667,1359.854,4,0,6,0,10.4444444444444,3.44444444444444,8.22222222222222,4.88888888888889,0.222222222222222,29,5.33333333333333,1.90037777777778,0.111111111111111,1,0
81.7866254350196,-0.019596531861655,11.9426104019268,105.440818181818,3770.06736363636,583.201818181818,1505.28881818182,720.692636363636,4,1,5.09090909090909,0.545454545454545,14.8181818181818,1.81818181818182,6.36363636363636,3.45454545454545,0.090909090909091,29,7.81818181818182,-4.45609090909091,0.272727272727273,3,0
66.0253288688921,-0.044021384908868,7.38401821903379,7.5995,3886.4071,2798.8651,906.57265,365.3787,1,0,13.8,0.05,13.4,11.45,4.85,1.8,0.45,30,5.5,-0.6107635,0.4,8,0
64.8673308020527,-0.037299644820534,6.22602015219439,53.1985,5182.9486,997.2372,782.12365,316.54695,1,1,4.6,0.2,18.3,4.7,4.3,1.75,0.05,30,5.9,-0.944888,0.1,2,0
61.9907029398827,-0.035688511356946,1.33767197314075,0,3894.20183333333,2500.71291666667,898.867583333333,619.610833333333,2,0,13.4166666666667,0,17.25,11.4166666666667,4.41666666666667,3,0.416666666666667,30,4.08333333333333,-1.31429166666666,0.416666666666667,5,0
62.0954341714777,-0.033586255350623,1.44240320473575,97.3144444444444,6094.39444444444,391.452833333333,503.004055555556,300.626444444444,2,1,2.66666666666667,0.5,26.2222222222222,1.55555555555556,2.72222222222222,2,0,30,7.66666666666667,0.63629888888889,0.277777777777778,5,0
60.9853438178443,-0.033892503731432,0.405365004284982,43.46,3679.2328,2445.65233333333,959.182666666667,659.8725,3,0,13.6333333333333,0.233333333333333,16.8666666666667,12.8,5.4,3.73333333333333,0.4,30,4.43333333333333,-2.79602633333333,0.366666666666667,11,0
61.3021986319041,-0.038363084264171,0.722219818344752,25.1037931034483,5296.83972413793,1097.9604137931,585.808482758621,459.531517241379,3,1,4.48275862068966,0.137931034482759,24.2068965517241,5.03448275862069,3.44827586206897,2.82758620689655,0.068965517241379,30,5.79310344827586,0.674555517241379,0.379310344827586,11,0
59.8977451183161,-0.030854396402706,0.158975669465262,85.8112121212121,3137.30603030303,2500.63357575758,1240.54896969697,632.049303030303,4,0,13.3636363636364,0.393939393939394,13.3636363636364,11.4545454545455,5.87878787878788,3.54545454545455,0.272727272727273,30,3.51515151515152,-0.814615151515151,0.242424242424242,8,0
60.4488708558136,-0.028869269090145,0.710101406962748,73.6623076923077,4784.81923076923,1060.46573076923,914.987769230769,534.775653846154,4,1,4,0.384615384615385,18.3076923076923,4.61538461538462,4.88461538461539,2.76923076923077,0.153846153846154,30,5.69230769230769,1.00416538461538,0.461538461538462,12,0
80.5696390959326,-0.036211734612582,-0.341358806374897,5.88294117647059,3759.80064705882,1742.81897058824,3173.49073529412,249.151088235294,1,0,12.2352941176471,0.029411764705882,11.4117647058824,6.91176470588235,8.29411764705882,1.35294117647059,0.264705882352941,31,5.23529411764706,-0.579122941176471,0.147058823529412,5,0
80.6862986555626,-0.0361067014949,-0.224699246744856,15.6792,5774.45764,735.21676,1766.47008,381.5128,1,1,6.72,0.08,19.24,2.64,6.32,2.32,0.36,31,7.92,-0.9967656,0.2,5,0
79.5224369962976,-0.018073831033083,-4.25833664600502,0,3279.45636842105,2707.80005263158,2305.30731578947,510.016052631579,2,0,13.6842105263158,0,9.8421052631579,9.52631578947369,8.89473684210526,2.89473684210526,0.631578947368421,31,3.89473684210526,-1.77903,0.421052631578947,8,0
80.3236658382777,-0.018020267305657,-3.45710780402496,20.9094444444444,6447.58094444445,1141.824,1128.08011111111,299.69,2,1,6.05555555555556,0.111111111111111,17.4444444444444,3.38888888888889,3.55555555555556,1.5,0.222222222222222,31,8.05555555555556,-1.46339333333333,0.222222222222222,4,0
81.7024931542112,-0.016810846073957,-2.46147806501118,0,3837.7671,1935.0009,2374.4346,367.9681,3,0,9.9,0,12.2,6.3,9.7,2.1,0.6,31,4.8,-1.216776,0.4,4,0
80.3398462184397,-0.015153864783147,-3.82412500078263,0,6687.03866666667,1114.884,793.856888888889,455.939222222222,3,1,5.55555555555556,0,18.4444444444444,2.44444444444444,3.55555555555556,2.44444444444444,0.222222222222222,31,9.44444444444444,-1.37389333333333,0.111111111111111,1,0
79.9943765674377,-0.010256276699388,-3.76645094917152,0,2907.97209677419,3575.97190322581,1755.60977419355,580.310387096774,4,0,16.4193548387097,0,8.61290322580645,13.258064516129,7.03225806451613,3.12903225806452,0.645161290322581,31,3.80645161290323,-4.34512774193548,0.419354838709678,13,0
81.2713893890262,-0.006994537773756,-2.48943812758305,0,6309.21093103448,879.593310344828,1167.18165517241,530.978517241379,4,1,5.31034482758621,0,20.8275862068966,4.03448275862069,4.20689655172414,2.79310344827586,0,31,9.13793103448276,3.53861862068965,0.172413793103448,5,0
92.5793764940732,-0.012988380478202,11.0672083710334,45.3383333333333,3685.24408333333,3502.80641666667,982.86875,410.935333333333,1,0,23.4166666666667,0.25,11.75,12.75,5,2.16666666666667,0.416666666666667,32,5.08333333333333,-3.47075833333333,0.333333333333333,4,0
90.4757927472,-0.017752217403989,8.96362462416025,0,6379.967375,1185.887625,669.941125,865.30325,1,1,4.75,0,18.875,5.5,3.25,4.875,0,32,7.75,5.819375,0.625,5,0
92.7275938805795,-0.011148743333938,3.19614181306612,101.4224,3364.42232,3354.2174,1164.37056,749.0472,2,0,24.08,0.44,10.76,13.16,5.72,3.8,0.76,32,4.84,0.48722,0.52,13,1
91.254504579113,-0.015592946450088,1.72305251159963,152.759909090909,5519.12854545455,1604.52233333333,439.192727272727,1068.45454545455,2,1,6.81818181818182,0.666666666666667,16.3636363636364,6.36363636363636,2.27272727272727,4.60606060606061,0.121212121212121,32,8.75757575757576,0.000515454545453,0.454545454545455,15,1
89.6772090817641,-0.017860633232303,5.02850121939292,207.8075,3527.56733333333,3224.69366666667,1015.06320833333,709.22,3,0,22.2916666666667,0.875,10.4166666666667,13.9583333333333,4.79166666666667,3.58333333333333,0.666666666666667,32,6.41666666666667,-0.047583333333334,0.583333333333333,14,1
88.7820464191673,-0.016149318615841,4.13333855679609,51.6486,6530.54414285714,869.357942857143,341.771857142857,803.349228571428,3,1,3.28571428571429,0.314285714285714,17.2285714285714,3.48571428571429,1.65714285714286,4.51428571428571,0,32,14.4285714285714,2.10548857142857,0.428571428571429,15,1
92.219388920469,-0.018264944831594,5.11050281283448,55.2176923076923,4509.52557692308,2591.22223076923,895.113269230769,911.475576923077,4,0,22.1923076923077,0.346153846153846,13.4615384615385,11.7307692307692,4.11538461538462,4.19230769230769,0.423076923076923,32,9.65384615384615,-3.28079615384615,0.346153846153846,9,1
92.1683321252223,-0.016058730441329,5.05944601758777,182.403515151515,5970.53557575758,1139.60824242424,400.918272727273,995.550060606061,4,1,4.66666666666667,0.96969696969697,17.2727272727273,5.84848484848485,1.84848484848485,4.87878787878788,0,32,12.6666666666667,5.27273636363636,0.545454545454545,18,1
71.1683533990877,-0.025914114379016,2.90554157355936,0,2720.925,2404.72833333333,1041.30566666667,367.948222222222,1,0,16.3333333333333,0,13.4814814814815,15.4814814814815,7.07407407407407,2.22222222222222,0.518518518518518,33,4.11111111111111,-0.229807037037037,0.37037037037037,10,0
71.6832208244466,-0.02570062086393,3.42040899891826,33.3695625,3670.56696875,1481.516625,872.649,294.95459375,1,1,7.5,0.1875,17.59375,9.09375,5.875,1.96875,0.21875,33,7.34375,-0.2673275,0.46875,15,0
69.6895183860829,-0.024690931043794,1.27331984495765,22.8182647058824,3129.01467647059,2263.60817647059,832.819441176471,344.905147058824,2,0,18.5588235294118,0.176470588235294,17.1470588235294,15.1470588235294,6.02941176470588,2.5,0.558823529411765,33,4.61764705882353,-0.28341294117647,0.529411764705882,18,1
68.7064679621485,-0.027821951260931,0.290269421023331,0,3744.23332,1556.075,1091.34488,537.39416,2,1,9.24,0,20.72,9.76,7.76,3.72,0.28,33,5.88,0.038707999999998,0.28,7,1
71.3097837021586,-0.001867679347826,2.30288301208955,60.6502222222222,2657.63555555556,2358.06663888889,768.554055555555,534.804361111111,3,0,21.6944444444444,0.416666666666667,17.6388888888889,16.8888888888889,5.91666666666667,3.83333333333333,0.583333333333333,33,4.75,-5.42790888888889,0.583333333333333,21,1
70.6186792695426,-0.002691800687085,1.61177857947354,20.83325,4255.46679166667,936.980708333334,756.758458333333,574.609,3,1,5.04166666666667,0.125,27.25,6.79166666666667,5.41666666666667,4.41666666666667,0.125,33,10.75,7.19742583333333,0.333333333333333,8,1
68.8789301958204,-0.014242564528529,0.018945498039284,46.4934375,2651.605875,2459.0376875,807.74584375,611.177,4,0,19.375,0.34375,16.625,17.46875,6,4.5625,0.46875,33,4.34375,-5.380140625,0.40625,13,0
70.6984226540615,-0.006928120172742,1.83843795628037,58.7029285714286,4312.36532142857,909.859642857143,518.378821428571,673.330964285714,4,1,4.32142857142857,0.464285714285714,26.3214285714286,6.92857142857143,4.03571428571429,4.60714285714286,0.035714285714286,33,6.96428571428571,3.91670285714286,0.392857142857143,11,0
78.9112231553895,-0.013639629451509,5.50504228792289,147.855392857143,2114.27557142857,3363.82064285714,847.195714285714,807.986178571428,1,0,23.3571428571429,0.964285714285714,13.6785714285714,17.0714285714286,6,5.71428571428571,0.464285714285714,34,6.25,-5.29907785714286,0.428571428571429,12,1
78.1767982663189,-0.014051436186872,4.77061739885223,72.745625,4591.2825625,1133.37659375,422.45709375,907.9624375,1,1,2.09375,0.53125,27.40625,6.09375,3.0625,6.1875,0.09375,34,18.75,3.840265,0.5625,18,1
76.0015997534429,-0.031165845684047,2.50426780727382,127.552413793103,2270.32875862069,3154.93051724138,884.655482758621,1017.14613793103,2,0,24.8965517241379,0.896551724137931,13.4827586206897,16,6.10344827586207,6.62068965517241,0.655172413793103,34,8.68965517241379,-3.75733724137931,0.482758620689655,14,0
75.0457607234781,-0.032948785821854,1.54842877730902,105.7256,4621.5996,1332.40286666667,506.5479,1053.57443333333,2,1,3.46666666666667,0.633333333333333,26.7,6.7,3.43333333333333,6.96666666666667,0.2,34,21.5333333333333,4.118453,0.366666666666667,11,0
74.4395653471334,-0.043743169729676,6.15766334980529,106.469388888889,2129.58030555556,3202.09330555555,878.731472222222,1006.99216666667,3,0,22.8611111111111,0.75,12.8333333333333,17.0555555555556,5.97222222222222,6.41666666666667,0.444444444444444,34,8.16666666666667,-5.02954305555556,0.444444444444444,16,1
74.1129969784205,-0.045717692124623,5.8310949810924,96.625347826087,4653.17808695652,1242.27439130435,363.301217391304,899.57847826087,3,1,3.43478260869565,0.521739130434783,28.7826086956522,7.08695652173913,2.82608695652174,6.56521739130435,0.173913043478261,34,20.695652173913,4.1453052173913,0.521739130434783,12,1
72.1615919633924,-0.031610738449894,-0.192945269046507,134.919076923077,2146.07857692308,3184.54038461539,998.643807692308,776.723038461539,4,0,23.5384615384615,0.692307692307692,13.5384615384615,16.8461538461538,7.19230769230769,6.07692307692308,0.538461538461538,34,8.19230769230769,-7.16259653846154,0.538461538461538,14,1
73.0632621121516,-0.023766157170208,0.708724879712604,137.317882352941,4061.83541176471,1237.98273529412,475.116882352941,1055.88447058824,4,1,3.79411764705882,0.941176470588235,24.5,6.76470588235294,3.58823529411765,7.05882352941176,0,34,18.9411764705882,2.94888529411765,0.352941176470588,12,1
70.6940485722323,-0.058524003210761,9.81074157730589,60.65425,5052.96575,1297.13866666667,880.970333333333,510.988333333333,1,0,13.3333333333333,0.416666666666667,29.1666666666667,8.25,6.5,3.91666666666667,0.166666666666667,35,9.58333333333333,-2.07143666666667,0.166666666666667,2,0
69.5977768546777,-0.060972798631372,8.71446985975134,0,5159.00514285714,1691.28514285714,699.763,434.797714285714,1,1,11,0,31.8571428571429,11,5.57142857142857,3.57142857142857,0,35,11.5714285714286,-0.922841428571429,0.142857142857143,1,0
73.5078970436554,-0.108080455342032,8.44500291266206,50.9925,3728.52910714286,2497.81264285714,1028.29967857143,439.373321428571,2,0,20.3571428571429,0.285714285714286,21.6071428571429,14.8928571428571,7.64285714285714,3.42857142857143,0.642857142857143,35,8.67857142857143,-3.51439142857143,0.535714285714286,15,1
73.2845315774076,-0.099430112951661,8.2216374464143,41.1551612903226,6058.39770967742,838.455096774193,729.831645161291,447.965419354839,2,1,3.64516129032258,0.225806451612903,33.0322580645161,5.06451612903226,5.32258064516129,3.64516129032258,0.064516129032258,35,14.4193548387097,4.58063612903226,0.516129032258065,16,1
71.5287546783,-0.086813652227947,9.43976045324414,76.3127916666667,2433.33091666667,3253.2145,1589.641875,769.737333333333,3,0,23.6666666666667,0.5,13.25,17.9166666666667,10.5833333333333,5.45833333333333,0.625,35,4.95833333333333,-7.481855,0.583333333333333,14,1
68.2738384435246,-0.083489840808751,6.18484421846872,68.7892857142857,5400.96797142857,1019.98034285714,1129.65548571429,571.9146,3,1,2.88571428571429,0.342857142857143,27.6,5.48571428571429,7.91428571428571,3.77142857142857,0.114285714285714,35,10.8285714285714,3.60392114285714,0.485714285714286,17,1
71.5775101503727,-0.060650605265965,5.27250713650891,53.6581111111111,2779.13444444444,3328.42266666667,1728.97613888889,502.61575,4,0,24.0833333333333,0.305555555555556,11.75,17,11.2777777777778,3.58333333333333,0.611111111111111,35,5.47222222222222,-1.64792583333333,0.5,18,1
70.6806307063927,-0.057750385197087,4.37562769252888,101.819125,5601.581375,1256.70216666667,877.366625,480.511916666667,4,1,5.5,0.583333333333333,25.75,7.29166666666667,5.79166666666667,3.08333333333333,0.083333333333333,35,11.8333333333333,3.3990925,0.291666666666667,7,1
66.5576165749324,-0.036068556892145,1.54569772314293,130.70568,1899.46424,4179.0354,1037.13144,917.96332,1,0,25.84,0.64,9,18.6,6.28,4.84,0.76,36,5.44,-1.6878948,0.72,18,1
66.3121936257909,-0.031558198998062,1.3002747740014,125.355142857143,5480.15114285714,1262.94077142857,433.275228571429,882.804571428571,1,1,3.02857142857143,0.628571428571429,21.2857142857143,6.22857142857143,2.82857142857143,4.94285714285714,0.028571428571429,36,14.0857142857143,-0.915664285714286,0.4,14,1
69.1058998860427,-0.021610600173129,2.40826250881946,146.125384615385,2390.02392307692,3545.74226923077,1071.39119230769,971.451038461539,2,0,25.8461538461538,0.692307692307692,9.80769230769231,16.0384615384615,6.73076923076923,5.57692307692308,0.730769230769231,36,6.42307692307692,-2.796165,0.653846153846154,17,1
69.4033941713626,-0.016040883368168,2.70575679413936,217.044764705882,4971.46711764706,1269.07129411765,772.123970588236,998.325411764706,2,1,2.08823529411765,1.23529411764706,17.0294117647059,6.88235294117647,4.82352941176471,5.67647058823529,0.029411764705882,36,13.2941176470588,4.50492529411765,0.411764705882353,14,1
69.0995832161044,-0.008801593030534,0.937129367765829,60.6994117647059,2729.9125,3331.68273529412,541.223264705882,932.222852941177,3,0,23.5882352941176,0.323529411764706,13.6470588235294,16.9117647058824,3.88235294117647,5.67647058823529,0.647058823529412,36,8.08823529411765,-6.088175,0.558823529411765,19,1
69.7239462034041,-0.011771059362133,1.56149235506559,155.80892,5042.31152,1144.52372,281.377,699.61308,3,1,3.68,0.96,24.52,6.56,2.32,5.2,0.16,36,14.2,6.364142,0.4,10,1
70.9379202126133,-0.022712415063913,2.63968458370035,123.1925,2981.28143333333,2642.9362,742.0239,709.2433,4,0,25.2333333333333,0.7,16.8,14.2333333333333,6.13333333333333,4.93333333333333,0.8,36,6.56666666666667,-6.971988,0.766666666666667,23,1
71.6580614619041,-0.026579588001727,3.35982583299117,211.998413793103,4634.94037931034,865.119448275862,517.744275862069,980.316620689655,4,1,3.79310344827586,1.24137931034483,23.8275862068966,5.20689655172414,4.55172413793104,7.51724137931035,0,36,14.5172413793103,5.59555517241379,0.310344827586207,9,1
103.112649182476,-0.051083720744585,7.47606819024668,40.62234375,3466.43615625,2931.10590625,1302.54065625,983.9063125,1,0,20.34375,0.375,9.21875,9.90625,5.0625,4.40625,0.34375,37,5.125,-4.87401375,0.28125,9,0
100.818235341645,-0.043030349946103,5.181654349415,62.5117037037037,6757.98814814815,957.642888888889,504.098888888889,638.674481481481,1,1,2.14814814814815,0.481481481481482,16.4074074074074,3.48148148148148,2.37037037037037,3.33333333333333,0.074074074074074,37,9.81481481481482,3.38772259259259,0.481481481481482,13,0
95.1449386046043,-0.026476216997537,5.700698880642,3.51992,1935.55076,754.1376,800.03316,388.58748,2,0,22.04,0.04,8.08,3.52,4.6,2.28,0.44,37,6.2,-2.4436924,0.36,9,0
95.0331592540848,-0.031966574216515,5.5889195301225,12.5837352941176,4071.38405882353,498.869352941176,446.644441176471,398.865529411765,2,1,2.70588235294118,0.117647058823529,11.9705882352941,2.32352941176471,2.26470588235294,1.94117647058824,0,37,11.7058823529412,2.28029147058824,0.411764705882353,14,0
90.5657905135503,-0.010483066814939,1.18143779686859,29.1435,3091.55142857143,3404.97478571429,756.947642857143,619.892785714286,3,0,23.6428571428571,0.214285714285714,10.1428571428571,13.5714285714286,3.71428571428571,4.14285714285714,0.571428571428571,37,2.92857142857143,-1.50622857142857,0.428571428571429,6,0
93.2461920591626,-0.018796960443021,3.86183934248086,0,7303.466,645.271833333333,402.606666666667,491.827,3,1,3,0,21.3333333333333,2.83333333333333,2.16666666666667,2.33333333333333,0,37,9.16666666666667,0.088603333333333,0.666666666666667,4,0
90.5035811649703,-0.019098652917283,5.61535066845736,14.5947567567568,2843.20813513514,2919.44332432432,966.881648648649,763.719,4,0,23.3783783783784,0.135135135135135,10.1351351351351,12.027027027027,4.24324324324324,4.05405405405405,0.567567567567568,37,3.64864864864865,-5.43115945945946,0.486486486486487,18,1
89.7691375542775,-0.013153641437698,4.88090705776454,19.083,6282.80463636364,891.312863636364,749.378318181818,681.890772727273,4,1,3.5,0.181818181818182,17.2272727272727,3.59090909090909,2.86363636363636,3.77272727272727,0.090909090909091,37,10.4090909090909,7.157945,0.5,11,1
86.7258846958729,-0.00808935829453,1.46726688852394,35.9990909090909,3250.76409090909,3216.67281818182,1379.09018181818,740.960818181818,1,0,20.5454545454545,0.181818181818182,10.7272727272727,10.9090909090909,6.36363636363636,3.90909090909091,0.454545454545455,38,3,-1.19249818181818,0.363636363636364,4,0
85.7672555468342,-0.00838529108936,0.508637739485232,0,6549.89185714286,969.606,399.393214285714,559.658714285714,1,1,4.35714285714286,0,19.7142857142857,4,1.78571428571429,2.85714285714286,0,38,8.78571428571429,-0.093608571428571,0.428571428571429,6,0
86.0679271319943,-0.009999563298994,0.647363290055471,61.5750909090909,3253.03439393939,3243.91015151515,1059.64954545455,793.557848484848,2,0,20.1515151515152,0.333333333333333,10.5757575757576,11.4242424242424,5.03030303030303,4.3030303030303,0.666666666666667,38,3.12121212121212,-1.57098909090909,0.393939393939394,13,0
86.6138794380905,-0.009660530632583,1.19331559615165,12.1488461538462,6435.93688461538,834.774384615385,305.201076923077,580.280923076923,2,1,4.65384615384615,0.076923076923077,21.0384615384615,3.61538461538462,1.53846153846154,3.26923076923077,0,38,8.76923076923077,2.29208846153846,0.423076923076923,11,0
84.0235414200636,-0.015004184320688,-3.66953282009586,3.75757575757576,4017.59103030303,2631.63036363636,1184.34287878788,703.054606060606,3,0,22.9393939393939,0.03030303030303,13.4545454545455,9.66666666666667,6.12121212121212,3.78787878787879,0.515151515151515,38,4.54545454545455,-6.08874606060606,0.424242424242424,14,1
84.1573191490263,-0.01119620095671,-3.53575509113318,84.5735555555556,6056.5022962963,911.471,786.013592592592,743.558962962963,3,1,2.85185185185185,0.407407407407407,17.7777777777778,4,3.92592592592593,4.18518518518519,0,38,7.40740740740741,6.14133037037037,0.481481481481482,13,1
82.5728941023488,-0.010339548642686,1.24078800244083,53.1322571428571,4432.52565714286,2360.985,734.099,632.861485714286,4,0,22.1428571428571,0.314285714285714,15.1428571428571,10.1142857142857,3.88571428571429,3.65714285714286,0.571428571428571,38,5.77142857142857,-4.29044571428572,0.514285714285714,18,1
83.9072816774908,-0.00266300024872,2.57517557758276,80.31268,5364.00552,786.91148,585.75232,682.89568,4,1,3.76,0.6,18.36,3.92,2.96,3.76,0,38,7.6,4.485748,0.36,9,1
74.2530739327174,-0.079426959514152,6.52848725188611,0,3482.32555,2821.5472,1487.6339,500.74245,1,0,26.9,0,17.1,13.7,8.8,3.45,0.6,39,10.35,-1.3054995,0.55,11,1
74.2003797873359,-0.07867797266887,6.47579310650457,151.79141025641,6502.13076923077,676.361820512821,710.542153846154,326.01458974359,1,1,2.02564102564103,0.897435897435897,26.6153846153846,3.64102564102564,3.8974358974359,2.20512820512821,0,39,16.2307692307692,2.37152307692308,0.41025641025641,16,1
75.8795514894981,-0.091763496333037,10.1122664979298,114.186129032258,3204.59706451613,3567.22938709677,1312.13829032258,432.045483870968,2,0,24.6774193548387,0.580645161290323,11.3225806451613,14.7096774193548,6.80645161290323,2.70967741935484,0.870967741935484,39,7.25806451612903,-4.97211,0.741935483870968,23,1
77.7961890741288,-0.084523449714699,12.0289040825605,165.633827586207,6293.62306896552,984.899655172414,902.066793103448,325.784862068965,2,1,2.58620689655172,0.827586206896552,21.8620689655172,3.62068965517241,4.6551724137931,1.93103448275862,0.137931034482759,39,15.1034482758621,5.59090344827586,0.344827586206897,10,1
79.9654762589414,-0.054221208392449,10.7636375627442,129.986392857143,2800.30132142857,3590.64264285714,1410.91128571429,456.077535714286,3,0,27.2857142857143,0.678571428571429,11.6071428571429,17.4642857142857,8.32142857142857,2.92857142857143,0.678571428571429,39,7,-12.0916239285714,0.678571428571429,19,1
80.0862703353532,-0.048274665855683,10.8844316391559,242.803290322581,5875.50635483871,1322.87067741935,796.951096774194,350.282161290322,3,1,2,1.2258064516129,21.5806451612903,6.06451612903226,4.96774193548387,2.12903225806452,0.032258064516129,39,15.3548387096774,8.5298770967742,0.451612903225806,14,1
80.6062068076456,-0.07512147152158,10.4588974580114,214.454884615385,3352.37346153846,3201.96938461538,1306.15303846154,442.124846153846,4,0,26.9615384615385,1.30769230769231,12.5384615384615,13.5,6.69230769230769,2.61538461538462,0.653846153846154,39,6.76923076923077,-6.79517307692308,0.653846153846154,17,1
80.3956575031646,-0.063058221559737,10.2483481535304,109.075606060606,5557.65275757576,1190.55015151515,1519.51666666667,379.235939393939,4,1,2.18181818181818,0.454545454545455,18.1818181818182,5.45454545454545,7.33333333333333,2.21212121212121,0.121212121212121,39,12.8484848484848,5.81952727272727,0.393939393939394,13,1
68.5904632798868,-0.014675366420734,4.00916536139171,0,3929.69030769231,23.0761538461538,3716.02292307692,169.53,1,0,10.3076923076923,0,11.5384615384615,0.153846153846154,8.84615384615385,1.07692307692308,0.230769230769231,40,9.92307692307692,-3.21855384615385,0,0,0
68.5901090616545,-0.018152098329549,4.00881114315943,0,4586.09,0,2325.02483333333,375.970833333333,1,1,7.83333333333333,0,14.3333333333333,0,8.83333333333333,2.33333333333333,0,40,10.5,0.12845,0.5,3,0
66.9520429634986,-0.046690953145297,1.39781173584659,0,4741.6875,0,3333.6495,336.5755,2,0,9.83333333333333,0,14.8333333333333,0,12.1666666666667,2,0,40,10.6666666666667,-0.349333333333333,0,0,0
66.09362959737,-0.043516154179195,0.539398369717993,0,5223.1285,0,3197.3805,279.9835,2,1,7,0,17.5,0,10,1.5,0,40,9,-2.833,0.5,1,0
67.9251631193261,-0.044169293683315,0.990981731024613,0,4067.07314285714,48.5685714285714,4125.93128571429,588.783928571428,3,0,13,0,11.1428571428571,0.285714285714286,12.5714285714286,2.92857142857143,0.214285714285714,40,8.21428571428571,-1.59521428571429,0.071428571428572,1,0
69.1528920797316,-0.03870543718984,2.21871069143009,0,4967.9132,64.788,2969.2864,544.7096,3,1,6.4,0,15.8,0.4,10,3.2,0,40,10.4,-0.9998,0.2,1,0
68.9818412021015,-0.040579785885036,3.20657336720407,0,3645.34944444445,131.996111111111,3920.52761111111,654.800944444444,4,0,9.83333333333333,0,10.0555555555556,0.611111111111111,13.1666666666667,3.5,0.055555555555556,40,7.94444444444444,-3.28137222222222,0,0,0
69.233785884059,-0.042072449844533,3.45851804916156,0,5313.44790909091,108.345454545455,2471.96040909091,938.529909090909,4,1,2.63636363636364,0,15.7272727272727,0.636363636363636,9.95454545454546,5.13636363636364,0,40,14.0909090909091,1.20131363636364,0.363636363636364,8,0
